{"["2nd Street and Stevenson Street, San Francisco, CA","Fisherman's Wharf, 286-298 Jefferson St, San Francisco, CA",0,"Early Morning Mean Travel Time"]":723.8,"["2nd Street and Stevenson Street, San Francisco, CA","Fisherman's Wharf, 286-298 Jefferson St, San Francisco, CA",0,"Evening Mean Travel Time"]":807.0,"["2nd Street and Stevenson Street, San Francisco, CA","Fisherman's Wharf, 286-298 Jefferson St, San Francisco, CA",0,"Midday Mean Travel Time"]":1036.16,"["2nd Street and Stevenson Street, San Francisco, CA","Fisherman's Wharf, 286-298 Jefferson St, San Francisco, CA",1,"Early Morning Mean Travel Time"]":727.1538461538,"["2nd Street and Stevenson Street, San Francisco, CA","Fisherman's Wharf, 286-298 Jefferson St, San Francisco, CA",1,"Evening Mean Travel Time"]":862.0384615385,"["2nd Street and Stevenson Street, San Francisco, CA","Fisherman's Wharf, 286-298 Jefferson St, San Francisco, CA",1,"Midday Mean Travel Time"]":1065.8461538462,"["2nd Street and Stevenson Street, San Francisco, CA","Fisherman's Wharf, 286-298 Jefferson St, San Francisco, CA",2,"Early Morning Mean Travel Time"]":716.0769230769,"["2nd Street and Stevenson Street, San Francisco, CA","Fisherman's Wharf, 286-298 Jefferson St, San Francisco, CA",2,"Evening Mean Travel Time"]":881.6538461538,"["2nd Street and Stevenson Street, San Francisco, CA","Fisherman's Wharf, 286-298 Jefferson St, San Francisco, CA",2,"Midday Mean Travel Time"]":1059.1538461538,"["2nd Street and Stevenson Street, San Francisco, CA","Fisherman's Wharf, 286-298 Jefferson St, San Francisco, CA",3,"Early Morning Mean Travel Time"]":673.3076923077,"["2nd Street and Stevenson Street, San Francisco, CA","Fisherman's Wharf, 286-298 Jefferson St, San Francisco, CA",3,"Evening Mean Travel Time"]":923.8076923077,"["2nd Street and Stevenson Street, San Francisco, CA","Fisherman's Wharf, 286-298 Jefferson St, San Francisco, CA",3,"Midday Mean Travel Time"]":1126.4615384615,"["2nd Street and Stevenson Street, San Francisco, CA","Fisherman's Wharf, 286-298 Jefferson St, San Francisco, CA",4,"Early Morning Mean Travel Time"]":685.5769230769,"["2nd Street and Stevenson Street, San Francisco, CA","Fisherman's Wharf, 286-298 Jefferson St, San Francisco, CA",4,"Evening Mean Travel Time"]":884.0,"["2nd Street and Stevenson Street, San Francisco, CA","Fisherman's Wharf, 286-298 Jefferson St, San Francisco, CA",4,"Midday Mean Travel Time"]":1151.3461538462,"["2nd Street and Stevenson Street, San Francisco, CA","Fisherman's Wharf, 286-298 Jefferson St, San Francisco, CA",5,"Early Morning Mean Travel Time"]":690.2692307692,"["2nd Street and Stevenson Street, San Francisco, CA","Fisherman's Wharf, 286-298 Jefferson St, San Francisco, CA",5,"Evening Mean Travel Time"]":941.8846153846,"["2nd Street and Stevenson Street, San Francisco, CA","Fisherman's Wharf, 286-298 Jefferson St, San Francisco, CA",5,"Midday Mean Travel Time"]":988.7307692308,"["2nd Street and Stevenson Street, San Francisco, CA","Fisherman's Wharf, 286-298 Jefferson St, San Francisco, CA",6,"Early Morning Mean Travel Time"]":700.1538461538,"["2nd Street and Stevenson Street, San Francisco, CA","Fisherman's Wharf, 286-298 Jefferson St, San Francisco, CA",6,"Evening Mean Travel Time"]":792.4615384615,"["2nd Street and Stevenson Street, San Francisco, CA","Fisherman's Wharf, 286-298 Jefferson St, San Francisco, CA",6,"Midday Mean Travel Time"]":909.3076923077,"["2nd Street and Stevenson Street, San Francisco, CA","Oracle Park, 24 Willie Mays Plaza, San Francisco, CA",0,"Early Morning Mean Travel Time"]":347.52,"["2nd Street and Stevenson Street, San Francisco, CA","Oracle Park, 24 Willie Mays Plaza, San Francisco, CA",0,"Evening Mean Travel Time"]":481.8,"["2nd Street and Stevenson Street, San Francisco, CA","Oracle Park, 24 Willie Mays Plaza, San Francisco, CA",0,"Midday Mean Travel Time"]":518.32,"["2nd Street and Stevenson Street, San Francisco, CA","Oracle Park, 24 Willie Mays Plaza, San Francisco, CA",1,"Early Morning Mean Travel Time"]":358.1153846154,"["2nd Street and Stevenson Street, San Francisco, CA","Oracle Park, 24 Willie Mays Plaza, San Francisco, CA",1,"Evening Mean Travel Time"]":478.2692307692,"["2nd Street and Stevenson Street, San Francisco, CA","Oracle Park, 24 Willie Mays Plaza, San Francisco, CA",1,"Midday Mean Travel Time"]":560.1538461538,"["2nd Street and Stevenson Street, San Francisco, CA","Oracle Park, 24 Willie Mays Plaza, San Francisco, CA",2,"Early Morning Mean Travel Time"]":359.5,"["2nd Street and Stevenson Street, San Francisco, CA","Oracle Park, 24 Willie Mays Plaza, San Francisco, CA",2,"Evening Mean Travel Time"]":497.5769230769,"["2nd Street and Stevenson Street, San Francisco, CA","Oracle Park, 24 Willie Mays Plaza, San Francisco, CA",2,"Midday Mean Travel Time"]":596.1538461538,"["2nd Street and Stevenson Street, San Francisco, CA","Oracle Park, 24 Willie Mays Plaza, San Francisco, CA",3,"Early Morning Mean Travel Time"]":370.9230769231,"["2nd Street and Stevenson Street, San Francisco, CA","Oracle Park, 24 Willie Mays Plaza, San Francisco, CA",3,"Evening Mean Travel Time"]":514.3076923077,"["2nd Street and Stevenson Street, San Francisco, CA","Oracle Park, 24 Willie Mays Plaza, San Francisco, CA",3,"Midday Mean Travel Time"]":615.7307692308,"["2nd Street and Stevenson Street, San Francisco, CA","Oracle Park, 24 Willie Mays Plaza, San Francisco, CA",4,"Early Morning Mean Travel Time"]":390.8076923077,"["2nd Street and Stevenson Street, San Francisco, CA","Oracle Park, 24 Willie Mays Plaza, San Francisco, CA",4,"Evening Mean Travel Time"]":515.9230769231,"["2nd Street and Stevenson Street, San Francisco, CA","Oracle Park, 24 Willie Mays Plaza, San Francisco, CA",4,"Midday Mean Travel Time"]":598.0,"["2nd Street and Stevenson Street, San Francisco, CA","Oracle Park, 24 Willie Mays Plaza, San Francisco, CA",5,"Early Morning Mean Travel Time"]":394.7307692308,"["2nd Street and Stevenson Street, San Francisco, CA","Oracle Park, 24 Willie Mays Plaza, San Francisco, CA",5,"Evening Mean Travel Time"]":475.8846153846,"["2nd Street and Stevenson Street, San Francisco, CA","Oracle Park, 24 Willie Mays Plaza, San Francisco, CA",5,"Midday Mean Travel Time"]":579.6923076923,"["2nd Street and Stevenson Street, San Francisco, CA","Oracle Park, 24 Willie Mays Plaza, San Francisco, CA",6,"Early Morning Mean Travel Time"]":417.8461538462,"["2nd Street and Stevenson Street, San Francisco, CA","Oracle Park, 24 Willie Mays Plaza, San Francisco, CA",6,"Evening Mean Travel Time"]":408.5769230769,"["2nd Street and Stevenson Street, San Francisco, CA","Oracle Park, 24 Willie Mays Plaza, San Francisco, CA",6,"Midday Mean Travel Time"]":516.8846153846,"["2nd Street and Stevenson Street, San Francisco, CA","The Palace Of Fine Arts, 3601 Lyon St, San Francisco, CA",0,"Early Morning Mean Travel Time"]":1006.5,"["2nd Street and Stevenson Street, San Francisco, CA","The Palace Of Fine Arts, 3601 Lyon St, San Francisco, CA",0,"Evening Mean Travel Time"]":1319.0763167587,"["2nd Street and Stevenson Street, San Francisco, CA","The Palace Of Fine Arts, 3601 Lyon St, San Francisco, CA",0,"Midday Mean Travel Time"]":1419.28,"["2nd Street and Stevenson Street, San Francisco, CA","The Palace Of Fine Arts, 3601 Lyon St, San Francisco, CA",1,"Early Morning Mean Travel Time"]":1184.7692307692,"["2nd Street and Stevenson Street, San Francisco, CA","The Palace Of Fine Arts, 3601 Lyon St, San Francisco, CA",1,"Evening Mean Travel Time"]":1280.2692307692,"["2nd Street and Stevenson Street, San Francisco, CA","The Palace Of Fine Arts, 3601 Lyon St, San Francisco, CA",1,"Midday Mean Travel Time"]":1443.1923076923,"["2nd Street and Stevenson Street, San Francisco, CA","The Palace Of Fine Arts, 3601 Lyon St, San Francisco, CA",2,"Early Morning Mean Travel Time"]":1154.5,"["2nd Street and Stevenson Street, San Francisco, CA","The Palace Of Fine Arts, 3601 Lyon St, San Francisco, CA",2,"Evening Mean Travel Time"]":1364.4615384615,"["2nd Street and Stevenson Street, San Francisco, CA","The Palace Of Fine Arts, 3601 Lyon St, San Francisco, CA",2,"Midday Mean Travel Time"]":1520.9615384615,"["2nd Street and Stevenson Street, San Francisco, CA","The Palace Of Fine Arts, 3601 Lyon St, San Francisco, CA",3,"Early Morning Mean Travel Time"]":979.0,"["2nd Street and Stevenson Street, San Francisco, CA","The Palace Of Fine Arts, 3601 Lyon St, San Francisco, CA",3,"Evening Mean Travel Time"]":1357.5,"["2nd Street and Stevenson Street, San Francisco, CA","The Palace Of Fine Arts, 3601 Lyon St, San Francisco, CA",3,"Midday Mean Travel Time"]":1549.3461538462,"["2nd Street and Stevenson Street, San Francisco, CA","The Palace Of Fine Arts, 3601 Lyon St, San Francisco, CA",4,"Early Morning Mean Travel Time"]":1048.5869339378,"["2nd Street and Stevenson Street, San Francisco, CA","The Palace Of Fine Arts, 3601 Lyon St, San Francisco, CA",4,"Evening Mean Travel Time"]":1408.4230769231,"["2nd Street and Stevenson Street, San Francisco, CA","The Palace Of Fine Arts, 3601 Lyon St, San Francisco, CA",4,"Midday Mean Travel Time"]":1529.2692307692,"["2nd Street and Stevenson Street, San Francisco, CA","The Palace Of Fine Arts, 3601 Lyon St, San Francisco, CA",5,"Early Morning Mean Travel Time"]":1166.0801075459,"["2nd Street and Stevenson Street, San Francisco, CA","The Palace Of Fine Arts, 3601 Lyon St, San Francisco, CA",5,"Evening Mean Travel Time"]":1403.3461538462,"["2nd Street and Stevenson Street, San Francisco, CA","The Palace Of Fine Arts, 3601 Lyon St, San Francisco, CA",5,"Midday Mean Travel Time"]":1504.3076923077,"["2nd Street and Stevenson Street, San Francisco, CA","The Palace Of Fine Arts, 3601 Lyon St, San Francisco, CA",6,"Early Morning Mean Travel Time"]":867.4055284035,"["2nd Street and Stevenson Street, San Francisco, CA","The Palace Of Fine Arts, 3601 Lyon St, San Francisco, CA",6,"Evening Mean Travel Time"]":1213.5,"["2nd Street and Stevenson Street, San Francisco, CA","The Palace Of Fine Arts, 3601 Lyon St, San Francisco, CA",6,"Midday Mean Travel Time"]":1452.3076923077,"["Embarcadero, San Francisco, CA","Fisherman's Wharf, 286-298 Jefferson St, San Francisco, CA",0,"Early Morning Mean Travel Time"]":467.5401197053,"["Embarcadero, San Francisco, CA","Fisherman's Wharf, 286-298 Jefferson St, San Francisco, CA",0,"Evening Mean Travel Time"]":616.88,"["Embarcadero, San Francisco, CA","Fisherman's Wharf, 286-298 Jefferson St, San Francisco, CA",0,"Midday Mean Travel Time"]":715.38,"["Embarcadero, San Francisco, CA","Fisherman's Wharf, 286-298 Jefferson St, San Francisco, CA",1,"Early Morning Mean Travel Time"]":727.5384615385,"["Embarcadero, San Francisco, CA","Fisherman's Wharf, 286-298 Jefferson St, San Francisco, CA",1,"Evening Mean Travel Time"]":658.5,"["Embarcadero, San Francisco, CA","Fisherman's Wharf, 286-298 Jefferson St, San Francisco, CA",1,"Midday Mean Travel Time"]":717.8461538462,"["Embarcadero, San Francisco, CA","Fisherman's Wharf, 286-298 Jefferson St, San Francisco, CA",2,"Early Morning Mean Travel Time"]":684.5,"["Embarcadero, San Francisco, CA","Fisherman's Wharf, 286-298 Jefferson St, San Francisco, CA",2,"Evening Mean Travel Time"]":658.5,"["Embarcadero, San Francisco, CA","Fisherman's Wharf, 286-298 Jefferson St, San Francisco, CA",2,"Midday Mean Travel Time"]":731.6538461538,"["Embarcadero, San Francisco, CA","Fisherman's Wharf, 286-298 Jefferson St, San Francisco, CA",3,"Early Morning Mean Travel Time"]":601.5384615385,"["Embarcadero, San Francisco, CA","Fisherman's Wharf, 286-298 Jefferson St, San Francisco, CA",3,"Evening Mean Travel Time"]":693.5,"["Embarcadero, San Francisco, CA","Fisherman's Wharf, 286-298 Jefferson St, San Francisco, CA",3,"Midday Mean Travel Time"]":766.0769230769,"["Embarcadero, San Francisco, CA","Fisherman's Wharf, 286-298 Jefferson St, San Francisco, CA",4,"Early Morning Mean Travel Time"]":543.0,"["Embarcadero, San Francisco, CA","Fisherman's Wharf, 286-298 Jefferson St, San Francisco, CA",4,"Evening Mean Travel Time"]":665.6923076923,"["Embarcadero, San Francisco, CA","Fisherman's Wharf, 286-298 Jefferson St, San Francisco, CA",4,"Midday Mean Travel Time"]":800.0769230769,"["Embarcadero, San Francisco, CA","Fisherman's Wharf, 286-298 Jefferson St, San Francisco, CA",5,"Early Morning Mean Travel Time"]":519.0,"["Embarcadero, San Francisco, CA","Fisherman's Wharf, 286-298 Jefferson St, San Francisco, CA",5,"Evening Mean Travel Time"]":720.8846153846,"["Embarcadero, San Francisco, CA","Fisherman's Wharf, 286-298 Jefferson St, San Francisco, CA",5,"Midday Mean Travel Time"]":820.6153846154,"["Embarcadero, San Francisco, CA","Fisherman's Wharf, 286-298 Jefferson St, San Francisco, CA",6,"Early Morning Mean Travel Time"]":451.7573664825,"["Embarcadero, San Francisco, CA","Fisherman's Wharf, 286-298 Jefferson St, San Francisco, CA",6,"Evening Mean Travel Time"]":645.0384615385,"["Embarcadero, San Francisco, CA","Fisherman's Wharf, 286-298 Jefferson St, San Francisco, CA",6,"Midday Mean Travel Time"]":727.0384615385,"["Embarcadero, San Francisco, CA","Oracle Park, 24 Willie Mays Plaza, San Francisco, CA",0,"Early Morning Mean Travel Time"]":376.76,"["Embarcadero, San Francisco, CA","Oracle Park, 24 Willie Mays Plaza, San Francisco, CA",0,"Evening Mean Travel Time"]":425.72,"["Embarcadero, San Francisco, CA","Oracle Park, 24 Willie Mays Plaza, San Francisco, CA",0,"Midday Mean Travel Time"]":489.96,"["Embarcadero, San Francisco, CA","Oracle Park, 24 Willie Mays Plaza, San Francisco, CA",1,"Early Morning Mean Travel Time"]":413.7307692308,"["Embarcadero, San Francisco, CA","Oracle Park, 24 Willie Mays Plaza, San Francisco, CA",1,"Evening Mean Travel Time"]":460.2307692308,"["Embarcadero, San Francisco, CA","Oracle Park, 24 Willie Mays Plaza, San Francisco, CA",1,"Midday Mean Travel Time"]":520.9230769231,"["Embarcadero, San Francisco, CA","Oracle Park, 24 Willie Mays Plaza, San Francisco, CA",2,"Early Morning Mean Travel Time"]":364.3076923077,"["Embarcadero, San Francisco, CA","Oracle Park, 24 Willie Mays Plaza, San Francisco, CA",2,"Evening Mean Travel Time"]":446.9615384615,"["Embarcadero, San Francisco, CA","Oracle Park, 24 Willie Mays Plaza, San Francisco, CA",2,"Midday Mean Travel Time"]":539.7307692308,"["Embarcadero, San Francisco, CA","Oracle Park, 24 Willie Mays Plaza, San Francisco, CA",3,"Early Morning Mean Travel Time"]":365.6923076923,"["Embarcadero, San Francisco, CA","Oracle Park, 24 Willie Mays Plaza, San Francisco, CA",3,"Evening Mean Travel Time"]":480.9615384615,"["Embarcadero, San Francisco, CA","Oracle Park, 24 Willie Mays Plaza, San Francisco, CA",3,"Midday Mean Travel Time"]":577.1153846154,"["Embarcadero, San Francisco, CA","Oracle Park, 24 Willie Mays Plaza, San Francisco, CA",4,"Early Morning Mean Travel Time"]":400.8076923077,"["Embarcadero, San Francisco, CA","Oracle Park, 24 Willie Mays Plaza, San Francisco, CA",4,"Evening Mean Travel Time"]":446.1538461538,"["Embarcadero, San Francisco, CA","Oracle Park, 24 Willie Mays Plaza, San Francisco, CA",4,"Midday Mean Travel Time"]":547.7692307692,"["Embarcadero, San Francisco, CA","Oracle Park, 24 Willie Mays Plaza, San Francisco, CA",5,"Early Morning Mean Travel Time"]":454.0,"["Embarcadero, San Francisco, CA","Oracle Park, 24 Willie Mays Plaza, San Francisco, CA",5,"Evening Mean Travel Time"]":407.3461538462,"["Embarcadero, San Francisco, CA","Oracle Park, 24 Willie Mays Plaza, San Francisco, CA",5,"Midday Mean Travel Time"]":510.4230769231,"["Embarcadero, San Francisco, CA","Oracle Park, 24 Willie Mays Plaza, San Francisco, CA",6,"Early Morning Mean Travel Time"]":316.2617580394,"["Embarcadero, San Francisco, CA","Oracle Park, 24 Willie Mays Plaza, San Francisco, CA",6,"Evening Mean Travel Time"]":376.5,"["Embarcadero, San Francisco, CA","Oracle Park, 24 Willie Mays Plaza, San Francisco, CA",6,"Midday Mean Travel Time"]":451.0,"["Embarcadero, San Francisco, CA","The Palace Of Fine Arts, 3601 Lyon St, San Francisco, CA",0,"Early Morning Mean Travel Time"]":793.9217127072,"["Embarcadero, San Francisco, CA","The Palace Of Fine Arts, 3601 Lyon St, San Francisco, CA",0,"Evening Mean Travel Time"]":1139.5986740331,"["Embarcadero, San Francisco, CA","The Palace Of Fine Arts, 3601 Lyon St, San Francisco, CA",0,"Midday Mean Travel Time"]":1168.84,"["Embarcadero, San Francisco, CA","The Palace Of Fine Arts, 3601 Lyon St, San Francisco, CA",1,"Early Morning Mean Travel Time"]":779.6158332153,"["Embarcadero, San Francisco, CA","The Palace Of Fine Arts, 3601 Lyon St, San Francisco, CA",1,"Evening Mean Travel Time"]":1190.0,"["Embarcadero, San Francisco, CA","The Palace Of Fine Arts, 3601 Lyon St, San Francisco, CA",1,"Midday Mean Travel Time"]":1268.5384615385,"["Embarcadero, San Francisco, CA","The Palace Of Fine Arts, 3601 Lyon St, San Francisco, CA",2,"Early Morning Mean Travel Time"]":786.1367934552,"["Embarcadero, San Francisco, CA","The Palace Of Fine Arts, 3601 Lyon St, San Francisco, CA",2,"Evening Mean Travel Time"]":1161.0221702791,"["Embarcadero, San Francisco, CA","The Palace Of Fine Arts, 3601 Lyon St, San Francisco, CA",2,"Midday Mean Travel Time"]":1257.9230769231,"["Embarcadero, San Francisco, CA","The Palace Of Fine Arts, 3601 Lyon St, San Francisco, CA",3,"Early Morning Mean Travel Time"]":816.7070642678,"["Embarcadero, San Francisco, CA","The Palace Of Fine Arts, 3601 Lyon St, San Francisco, CA",3,"Evening Mean Travel Time"]":1263.0,"["Embarcadero, San Francisco, CA","The Palace Of Fine Arts, 3601 Lyon St, San Francisco, CA",3,"Midday Mean Travel Time"]":1283.7692307692,"["Embarcadero, San Francisco, CA","The Palace Of Fine Arts, 3601 Lyon St, San Francisco, CA",4,"Early Morning Mean Travel Time"]":761.308884639,"["Embarcadero, San Francisco, CA","The Palace Of Fine Arts, 3601 Lyon St, San Francisco, CA",4,"Evening Mean Travel Time"]":1196.5,"["Embarcadero, San Francisco, CA","The Palace Of Fine Arts, 3601 Lyon St, San Francisco, CA",4,"Midday Mean Travel Time"]":1328.2307692308,"["Embarcadero, San Francisco, CA","The Palace Of Fine Arts, 3601 Lyon St, San Francisco, CA",5,"Early Morning Mean Travel Time"]":828.9010246966,"["Embarcadero, San Francisco, CA","The Palace Of Fine Arts, 3601 Lyon St, San Francisco, CA",5,"Evening Mean Travel Time"]":1224.4230769231,"["Embarcadero, San Francisco, CA","The Palace Of Fine Arts, 3601 Lyon St, San Francisco, CA",5,"Midday Mean Travel Time"]":1368.7307692308,"["Embarcadero, San Francisco, CA","The Palace Of Fine Arts, 3601 Lyon St, San Francisco, CA",6,"Early Morning Mean Travel Time"]":756.2052698683,"["Embarcadero, San Francisco, CA","The Palace Of Fine Arts, 3601 Lyon St, San Francisco, CA",6,"Evening Mean Travel Time"]":1149.5,"["Embarcadero, San Francisco, CA","The Palace Of Fine Arts, 3601 Lyon St, San Francisco, CA",6,"Midday Mean Travel Time"]":1398.3076923077,"["Fisherman's Wharf, 286-298 Jefferson St, San Francisco, CA","2nd Street and Stevenson Street, San Francisco, CA",0,"Early Morning Mean Travel Time"]":493.44,"["Fisherman's Wharf, 286-298 Jefferson St, San Francisco, CA","2nd Street and Stevenson Street, San Francisco, CA",0,"Evening Mean Travel Time"]":659.44,"["Fisherman's Wharf, 286-298 Jefferson St, San Francisco, CA","2nd Street and Stevenson Street, San Francisco, CA",0,"Midday Mean Travel Time"]":777.78,"["Fisherman's Wharf, 286-298 Jefferson St, San Francisco, CA","2nd Street and Stevenson Street, San Francisco, CA",1,"Early Morning Mean Travel Time"]":511.3846153846,"["Fisherman's Wharf, 286-298 Jefferson St, San Francisco, CA","2nd Street and Stevenson Street, San Francisco, CA",1,"Evening Mean Travel Time"]":689.6538461538,"["Fisherman's Wharf, 286-298 Jefferson St, San Francisco, CA","2nd Street and Stevenson Street, San Francisco, CA",1,"Midday Mean Travel Time"]":785.0769230769,"["Fisherman's Wharf, 286-298 Jefferson St, San Francisco, CA","2nd Street and Stevenson Street, San Francisco, CA",2,"Early Morning Mean Travel Time"]":529.7307692308,"["Fisherman's Wharf, 286-298 Jefferson St, San Francisco, CA","2nd Street and Stevenson Street, San Francisco, CA",2,"Evening Mean Travel Time"]":708.9615384615,"["Fisherman's Wharf, 286-298 Jefferson St, San Francisco, CA","2nd Street and Stevenson Street, San Francisco, CA",2,"Midday Mean Travel Time"]":782.8076923077,"["Fisherman's Wharf, 286-298 Jefferson St, San Francisco, CA","2nd Street and Stevenson Street, San Francisco, CA",3,"Early Morning Mean Travel Time"]":512.9230769231,"["Fisherman's Wharf, 286-298 Jefferson St, San Francisco, CA","2nd Street and Stevenson Street, San Francisco, CA",3,"Evening Mean Travel Time"]":749.5,"["Fisherman's Wharf, 286-298 Jefferson St, San Francisco, CA","2nd Street and Stevenson Street, San Francisco, CA",3,"Midday Mean Travel Time"]":814.7692307692,"["Fisherman's Wharf, 286-298 Jefferson St, San Francisco, CA","2nd Street and Stevenson Street, San Francisco, CA",4,"Early Morning Mean Travel Time"]":543.8461538462,"["Fisherman's Wharf, 286-298 Jefferson St, San Francisco, CA","2nd Street and Stevenson Street, San Francisco, CA",4,"Evening Mean Travel Time"]":753.7692307692,"["Fisherman's Wharf, 286-298 Jefferson St, San Francisco, CA","2nd Street and Stevenson Street, San Francisco, CA",4,"Midday Mean Travel Time"]":860.0384615385,"["Fisherman's Wharf, 286-298 Jefferson St, San Francisco, CA","2nd Street and Stevenson Street, San Francisco, CA",5,"Early Morning Mean Travel Time"]":549.7307692308,"["Fisherman's Wharf, 286-298 Jefferson St, San Francisco, CA","2nd Street and Stevenson Street, San Francisco, CA",5,"Evening Mean Travel Time"]":762.2307692308,"["Fisherman's Wharf, 286-298 Jefferson St, San Francisco, CA","2nd Street and Stevenson Street, San Francisco, CA",5,"Midday Mean Travel Time"]":833.7307692308,"["Fisherman's Wharf, 286-298 Jefferson St, San Francisco, CA","2nd Street and Stevenson Street, San Francisco, CA",6,"Early Morning Mean Travel Time"]":539.7307692308,"["Fisherman's Wharf, 286-298 Jefferson St, San Francisco, CA","2nd Street and Stevenson Street, San Francisco, CA",6,"Evening Mean Travel Time"]":653.1923076923,"["Fisherman's Wharf, 286-298 Jefferson St, San Francisco, CA","2nd Street and Stevenson Street, San Francisco, CA",6,"Midday Mean Travel Time"]":774.0769230769,"["Fisherman's Wharf, 286-298 Jefferson St, San Francisco, CA","Embarcadero, San Francisco, CA",0,"Early Morning Mean Travel Time"]":507.0,"["Fisherman's Wharf, 286-298 Jefferson St, San Francisco, CA","Embarcadero, San Francisco, CA",0,"Evening Mean Travel Time"]":561.52,"["Fisherman's Wharf, 286-298 Jefferson St, San Francisco, CA","Embarcadero, San Francisco, CA",0,"Midday Mean Travel Time"]":670.04,"["Fisherman's Wharf, 286-298 Jefferson St, San Francisco, CA","Embarcadero, San Francisco, CA",1,"Early Morning Mean Travel Time"]":899.0,"["Fisherman's Wharf, 286-298 Jefferson St, San Francisco, CA","Embarcadero, San Francisco, CA",1,"Evening Mean Travel Time"]":561.2692307692,"["Fisherman's Wharf, 286-298 Jefferson St, San Francisco, CA","Embarcadero, San Francisco, CA",1,"Midday Mean Travel Time"]":668.4615384615,"["Fisherman's Wharf, 286-298 Jefferson St, San Francisco, CA","Embarcadero, San Francisco, CA",2,"Early Morning Mean Travel Time"]":454.0384615385,"["Fisherman's Wharf, 286-298 Jefferson St, San Francisco, CA","Embarcadero, San Francisco, CA",2,"Evening Mean Travel Time"]":572.1153846154,"["Fisherman's Wharf, 286-298 Jefferson St, San Francisco, CA","Embarcadero, San Francisco, CA",2,"Midday Mean Travel Time"]":690.9230769231,"["Fisherman's Wharf, 286-298 Jefferson St, San Francisco, CA","Embarcadero, San Francisco, CA",3,"Early Morning Mean Travel Time"]":544.0,"["Fisherman's Wharf, 286-298 Jefferson St, San Francisco, CA","Embarcadero, San Francisco, CA",3,"Evening Mean Travel Time"]":595.0,"["Fisherman's Wharf, 286-298 Jefferson St, San Francisco, CA","Embarcadero, San Francisco, CA",3,"Midday Mean Travel Time"]":660.7692307692,"["Fisherman's Wharf, 286-298 Jefferson St, San Francisco, CA","Embarcadero, San Francisco, CA",4,"Early Morning Mean Travel Time"]":439.4230769231,"["Fisherman's Wharf, 286-298 Jefferson St, San Francisco, CA","Embarcadero, San Francisco, CA",4,"Evening Mean Travel Time"]":603.7692307692,"["Fisherman's Wharf, 286-298 Jefferson St, San Francisco, CA","Embarcadero, San Francisco, CA",4,"Midday Mean Travel Time"]":691.4230769231,"["Fisherman's Wharf, 286-298 Jefferson St, San Francisco, CA","Embarcadero, San Francisco, CA",5,"Early Morning Mean Travel Time"]":431.5680278132,"["Fisherman's Wharf, 286-298 Jefferson St, San Francisco, CA","Embarcadero, San Francisco, CA",5,"Evening Mean Travel Time"]":597.7307692308,"["Fisherman's Wharf, 286-298 Jefferson St, San Francisco, CA","Embarcadero, San Francisco, CA",5,"Midday Mean Travel Time"]":710.5384615385,"["Fisherman's Wharf, 286-298 Jefferson St, San Francisco, CA","Embarcadero, San Francisco, CA",6,"Early Morning Mean Travel Time"]":419.4409264768,"["Fisherman's Wharf, 286-298 Jefferson St, San Francisco, CA","Embarcadero, San Francisco, CA",6,"Evening Mean Travel Time"]":579.3846153846,"["Fisherman's Wharf, 286-298 Jefferson St, San Francisco, CA","Embarcadero, San Francisco, CA",6,"Midday Mean Travel Time"]":683.2307692308,"["Fisherman's Wharf, 286-298 Jefferson St, San Francisco, CA","Powell BART Station, Market St and Powell St, San Francisco, CA",0,"Early Morning Mean Travel Time"]":525.8524831185,"["Fisherman's Wharf, 286-298 Jefferson St, San Francisco, CA","Powell BART Station, Market St and Powell St, San Francisco, CA",0,"Evening Mean Travel Time"]":804.76,"["Fisherman's Wharf, 286-298 Jefferson St, San Francisco, CA","Powell BART Station, Market St and Powell St, San Francisco, CA",0,"Midday Mean Travel Time"]":830.16,"["Fisherman's Wharf, 286-298 Jefferson St, San Francisco, CA","Powell BART Station, Market St and Powell St, San Francisco, CA",1,"Early Morning Mean Travel Time"]":756.0,"["Fisherman's Wharf, 286-298 Jefferson St, San Francisco, CA","Powell BART Station, Market St and Powell St, San Francisco, CA",1,"Evening Mean Travel Time"]":833.6923076923,"["Fisherman's Wharf, 286-298 Jefferson St, San Francisco, CA","Powell BART Station, Market St and Powell St, San Francisco, CA",1,"Midday Mean Travel Time"]":835.4230769231,"["Fisherman's Wharf, 286-298 Jefferson St, San Francisco, CA","Powell BART Station, Market St and Powell St, San Francisco, CA",2,"Early Morning Mean Travel Time"]":661.0,"["Fisherman's Wharf, 286-298 Jefferson St, San Francisco, CA","Powell BART Station, Market St and Powell St, San Francisco, CA",2,"Evening Mean Travel Time"]":864.7692307692,"["Fisherman's Wharf, 286-298 Jefferson St, San Francisco, CA","Powell BART Station, Market St and Powell St, San Francisco, CA",2,"Midday Mean Travel Time"]":820.0769230769,"["Fisherman's Wharf, 286-298 Jefferson St, San Francisco, CA","Powell BART Station, Market St and Powell St, San Francisco, CA",3,"Early Morning Mean Travel Time"]":619.5,"["Fisherman's Wharf, 286-298 Jefferson St, San Francisco, CA","Powell BART Station, Market St and Powell St, San Francisco, CA",3,"Evening Mean Travel Time"]":877.8461538462,"["Fisherman's Wharf, 286-298 Jefferson St, San Francisco, CA","Powell BART Station, Market St and Powell St, San Francisco, CA",3,"Midday Mean Travel Time"]":842.8846153846,"["Fisherman's Wharf, 286-298 Jefferson St, San Francisco, CA","Powell BART Station, Market St and Powell St, San Francisco, CA",4,"Early Morning Mean Travel Time"]":734.0,"["Fisherman's Wharf, 286-298 Jefferson St, San Francisco, CA","Powell BART Station, Market St and Powell St, San Francisco, CA",4,"Evening Mean Travel Time"]":875.0769230769,"["Fisherman's Wharf, 286-298 Jefferson St, San Francisco, CA","Powell BART Station, Market St and Powell St, San Francisco, CA",4,"Midday Mean Travel Time"]":899.3461538462,"["Fisherman's Wharf, 286-298 Jefferson St, San Francisco, CA","Powell BART Station, Market St and Powell St, San Francisco, CA",5,"Early Morning Mean Travel Time"]":672.0,"["Fisherman's Wharf, 286-298 Jefferson St, San Francisco, CA","Powell BART Station, Market St and Powell St, San Francisco, CA",5,"Evening Mean Travel Time"]":891.6153846154,"["Fisherman's Wharf, 286-298 Jefferson St, San Francisco, CA","Powell BART Station, Market St and Powell St, San Francisco, CA",5,"Midday Mean Travel Time"]":916.8461538462,"["Fisherman's Wharf, 286-298 Jefferson St, San Francisco, CA","Powell BART Station, Market St and Powell St, San Francisco, CA",6,"Early Morning Mean Travel Time"]":761.6923076923,"["Fisherman's Wharf, 286-298 Jefferson St, San Francisco, CA","Powell BART Station, Market St and Powell St, San Francisco, CA",6,"Evening Mean Travel Time"]":794.4615384615,"["Fisherman's Wharf, 286-298 Jefferson St, San Francisco, CA","Powell BART Station, Market St and Powell St, San Francisco, CA",6,"Midday Mean Travel Time"]":894.7692307692,"["Oracle Park, 24 Willie Mays Plaza, San Francisco, CA","2nd Street and Stevenson Street, San Francisco, CA",0,"Early Morning Mean Travel Time"]":388.38,"["Oracle Park, 24 Willie Mays Plaza, San Francisco, CA","2nd Street and Stevenson Street, San Francisco, CA",0,"Evening Mean Travel Time"]":411.08,"["Oracle Park, 24 Willie Mays Plaza, San Francisco, CA","2nd Street and Stevenson Street, San Francisco, CA",0,"Midday Mean Travel Time"]":537.4,"["Oracle Park, 24 Willie Mays Plaza, San Francisco, CA","2nd Street and Stevenson Street, San Francisco, CA",1,"Early Morning Mean Travel Time"]":364.9230769231,"["Oracle Park, 24 Willie Mays Plaza, San Francisco, CA","2nd Street and Stevenson Street, San Francisco, CA",1,"Evening Mean Travel Time"]":443.6153846154,"["Oracle Park, 24 Willie Mays Plaza, San Francisco, CA","2nd Street and Stevenson Street, San Francisco, CA",1,"Midday Mean Travel Time"]":526.4615384615,"["Oracle Park, 24 Willie Mays Plaza, San Francisco, CA","2nd Street and Stevenson Street, San Francisco, CA",2,"Early Morning Mean Travel Time"]":375.2692307692,"["Oracle Park, 24 Willie Mays Plaza, San Francisco, CA","2nd Street and Stevenson Street, San Francisco, CA",2,"Evening Mean Travel Time"]":451.4230769231,"["Oracle Park, 24 Willie Mays Plaza, San Francisco, CA","2nd Street and Stevenson Street, San Francisco, CA",2,"Midday Mean Travel Time"]":584.8846153846,"["Oracle Park, 24 Willie Mays Plaza, San Francisco, CA","2nd Street and Stevenson Street, San Francisco, CA",3,"Early Morning Mean Travel Time"]":372.8461538462,"["Oracle Park, 24 Willie Mays Plaza, San Francisco, CA","2nd Street and Stevenson Street, San Francisco, CA",3,"Evening Mean Travel Time"]":464.8461538462,"["Oracle Park, 24 Willie Mays Plaza, San Francisco, CA","2nd Street and Stevenson Street, San Francisco, CA",3,"Midday Mean Travel Time"]":616.0384615385,"["Oracle Park, 24 Willie Mays Plaza, San Francisco, CA","2nd Street and Stevenson Street, San Francisco, CA",4,"Early Morning Mean Travel Time"]":388.0,"["Oracle Park, 24 Willie Mays Plaza, San Francisco, CA","2nd Street and Stevenson Street, San Francisco, CA",4,"Evening Mean Travel Time"]":427.1538461538,"["Oracle Park, 24 Willie Mays Plaza, San Francisco, CA","2nd Street and Stevenson Street, San Francisco, CA",4,"Midday Mean Travel Time"]":596.9230769231,"["Oracle Park, 24 Willie Mays Plaza, San Francisco, CA","2nd Street and Stevenson Street, San Francisco, CA",5,"Early Morning Mean Travel Time"]":382.1538461538,"["Oracle Park, 24 Willie Mays Plaza, San Francisco, CA","2nd Street and Stevenson Street, San Francisco, CA",5,"Evening Mean Travel Time"]":378.2692307692,"["Oracle Park, 24 Willie Mays Plaza, San Francisco, CA","2nd Street and Stevenson Street, San Francisco, CA",5,"Midday Mean Travel Time"]":405.8076923077,"["Oracle Park, 24 Willie Mays Plaza, San Francisco, CA","2nd Street and Stevenson Street, San Francisco, CA",6,"Early Morning Mean Travel Time"]":366.3076923077,"["Oracle Park, 24 Willie Mays Plaza, San Francisco, CA","2nd Street and Stevenson Street, San Francisco, CA",6,"Evening Mean Travel Time"]":404.0,"["Oracle Park, 24 Willie Mays Plaza, San Francisco, CA","2nd Street and Stevenson Street, San Francisco, CA",6,"Midday Mean Travel Time"]":382.3461538462,"["Oracle Park, 24 Willie Mays Plaza, San Francisco, CA","Embarcadero, San Francisco, CA",0,"Early Morning Mean Travel Time"]":451.36,"["Oracle Park, 24 Willie Mays Plaza, San Francisco, CA","Embarcadero, San Francisco, CA",0,"Evening Mean Travel Time"]":463.68,"["Oracle Park, 24 Willie Mays Plaza, San Francisco, CA","Embarcadero, San Francisco, CA",0,"Midday Mean Travel Time"]":580.04,"["Oracle Park, 24 Willie Mays Plaza, San Francisco, CA","Embarcadero, San Francisco, CA",1,"Early Morning Mean Travel Time"]":443.2692307692,"["Oracle Park, 24 Willie Mays Plaza, San Francisco, CA","Embarcadero, San Francisco, CA",1,"Evening Mean Travel Time"]":498.7307692308,"["Oracle Park, 24 Willie Mays Plaza, San Francisco, CA","Embarcadero, San Francisco, CA",1,"Midday Mean Travel Time"]":599.7307692308,"["Oracle Park, 24 Willie Mays Plaza, San Francisco, CA","Embarcadero, San Francisco, CA",2,"Early Morning Mean Travel Time"]":458.5384615385,"["Oracle Park, 24 Willie Mays Plaza, San Francisco, CA","Embarcadero, San Francisco, CA",2,"Evening Mean Travel Time"]":496.4615384615,"["Oracle Park, 24 Willie Mays Plaza, San Francisco, CA","Embarcadero, San Francisco, CA",2,"Midday Mean Travel Time"]":636.6153846154,"["Oracle Park, 24 Willie Mays Plaza, San Francisco, CA","Embarcadero, San Francisco, CA",3,"Early Morning Mean Travel Time"]":435.1153846154,"["Oracle Park, 24 Willie Mays Plaza, San Francisco, CA","Embarcadero, San Francisco, CA",3,"Evening Mean Travel Time"]":525.9615384615,"["Oracle Park, 24 Willie Mays Plaza, San Francisco, CA","Embarcadero, San Francisco, CA",3,"Midday Mean Travel Time"]":652.4230769231,"["Oracle Park, 24 Willie Mays Plaza, San Francisco, CA","Embarcadero, San Francisco, CA",4,"Early Morning Mean Travel Time"]":450.5384615385,"["Oracle Park, 24 Willie Mays Plaza, San Francisco, CA","Embarcadero, San Francisco, CA",4,"Evening Mean Travel Time"]":500.7692307692,"["Oracle Park, 24 Willie Mays Plaza, San Francisco, CA","Embarcadero, San Francisco, CA",4,"Midday Mean Travel Time"]":662.9230769231,"["Oracle Park, 24 Willie Mays Plaza, San Francisco, CA","Embarcadero, San Francisco, CA",5,"Early Morning Mean Travel Time"]":407.0,"["Oracle Park, 24 Willie Mays Plaza, San Francisco, CA","Embarcadero, San Francisco, CA",5,"Evening Mean Travel Time"]":463.5,"["Oracle Park, 24 Willie Mays Plaza, San Francisco, CA","Embarcadero, San Francisco, CA",5,"Midday Mean Travel Time"]":563.6923076923,"["Oracle Park, 24 Willie Mays Plaza, San Francisco, CA","Embarcadero, San Francisco, CA",6,"Early Morning Mean Travel Time"]":422.4230769231,"["Oracle Park, 24 Willie Mays Plaza, San Francisco, CA","Embarcadero, San Francisco, CA",6,"Evening Mean Travel Time"]":470.7307692308,"["Oracle Park, 24 Willie Mays Plaza, San Francisco, CA","Embarcadero, San Francisco, CA",6,"Midday Mean Travel Time"]":550.6923076923,"["Oracle Park, 24 Willie Mays Plaza, San Francisco, CA","Powell BART Station, Market St and Powell St, San Francisco, CA",0,"Early Morning Mean Travel Time"]":467.889048496,"["Oracle Park, 24 Willie Mays Plaza, San Francisco, CA","Powell BART Station, Market St and Powell St, San Francisco, CA",0,"Evening Mean Travel Time"]":654.22,"["Oracle Park, 24 Willie Mays Plaza, San Francisco, CA","Powell BART Station, Market St and Powell St, San Francisco, CA",0,"Midday Mean Travel Time"]":619.76,"["Oracle Park, 24 Willie Mays Plaza, San Francisco, CA","Powell BART Station, Market St and Powell St, San Francisco, CA",1,"Early Morning Mean Travel Time"]":704.0,"["Oracle Park, 24 Willie Mays Plaza, San Francisco, CA","Powell BART Station, Market St and Powell St, San Francisco, CA",1,"Evening Mean Travel Time"]":700.3461538462,"["Oracle Park, 24 Willie Mays Plaza, San Francisco, CA","Powell BART Station, Market St and Powell St, San Francisco, CA",1,"Midday Mean Travel Time"]":680.9615384615,"["Oracle Park, 24 Willie Mays Plaza, San Francisco, CA","Powell BART Station, Market St and Powell St, San Francisco, CA",2,"Early Morning Mean Travel Time"]":493.9829118855,"["Oracle Park, 24 Willie Mays Plaza, San Francisco, CA","Powell BART Station, Market St and Powell St, San Francisco, CA",2,"Evening Mean Travel Time"]":717.6923076923,"["Oracle Park, 24 Willie Mays Plaza, San Francisco, CA","Powell BART Station, Market St and Powell St, San Francisco, CA",2,"Midday Mean Travel Time"]":711.3846153846,"["Oracle Park, 24 Willie Mays Plaza, San Francisco, CA","Powell BART Station, Market St and Powell St, San Francisco, CA",3,"Early Morning Mean Travel Time"]":633.6923076923,"["Oracle Park, 24 Willie Mays Plaza, San Francisco, CA","Powell BART Station, Market St and Powell St, San Francisco, CA",3,"Evening Mean Travel Time"]":729.6538461538,"["Oracle Park, 24 Willie Mays Plaza, San Francisco, CA","Powell BART Station, Market St and Powell St, San Francisco, CA",3,"Midday Mean Travel Time"]":746.6923076923,"["Oracle Park, 24 Willie Mays Plaza, San Francisco, CA","Powell BART Station, Market St and Powell St, San Francisco, CA",4,"Early Morning Mean Travel Time"]":484.4062426217,"["Oracle Park, 24 Willie Mays Plaza, San Francisco, CA","Powell BART Station, Market St and Powell St, San Francisco, CA",4,"Evening Mean Travel Time"]":713.3461538462,"["Oracle Park, 24 Willie Mays Plaza, San Francisco, CA","Powell BART Station, Market St and Powell St, San Francisco, CA",4,"Midday Mean Travel Time"]":777.1153846154,"["Oracle Park, 24 Willie Mays Plaza, San Francisco, CA","Powell BART Station, Market St and Powell St, San Francisco, CA",5,"Early Morning Mean Travel Time"]":599.8076923077,"["Oracle Park, 24 Willie Mays Plaza, San Francisco, CA","Powell BART Station, Market St and Powell St, San Francisco, CA",5,"Evening Mean Travel Time"]":681.4230769231,"["Oracle Park, 24 Willie Mays Plaza, San Francisco, CA","Powell BART Station, Market St and Powell St, San Francisco, CA",5,"Midday Mean Travel Time"]":907.6153846154,"["Oracle Park, 24 Willie Mays Plaza, San Francisco, CA","Powell BART Station, Market St and Powell St, San Francisco, CA",6,"Early Morning Mean Travel Time"]":779.0,"["Oracle Park, 24 Willie Mays Plaza, San Francisco, CA","Powell BART Station, Market St and Powell St, San Francisco, CA",6,"Evening Mean Travel Time"]":569.7307692308,"["Oracle Park, 24 Willie Mays Plaza, San Francisco, CA","Powell BART Station, Market St and Powell St, San Francisco, CA",6,"Midday Mean Travel Time"]":825.9230769231,"["Powell BART Station, Market St and Powell St, San Francisco, CA","Fisherman's Wharf, 286-298 Jefferson St, San Francisco, CA",0,"Early Morning Mean Travel Time"]":602.2643523634,"["Powell BART Station, Market St and Powell St, San Francisco, CA","Fisherman's Wharf, 286-298 Jefferson St, San Francisco, CA",0,"Evening Mean Travel Time"]":877.84,"["Powell BART Station, Market St and Powell St, San Francisco, CA","Fisherman's Wharf, 286-298 Jefferson St, San Francisco, CA",0,"Midday Mean Travel Time"]":953.32,"["Powell BART Station, Market St and Powell St, San Francisco, CA","Fisherman's Wharf, 286-298 Jefferson St, San Francisco, CA",1,"Early Morning Mean Travel Time"]":1228.0,"["Powell BART Station, Market St and Powell St, San Francisco, CA","Fisherman's Wharf, 286-298 Jefferson St, San Francisco, CA",1,"Evening Mean Travel Time"]":934.6538461538,"["Powell BART Station, Market St and Powell St, San Francisco, CA","Fisherman's Wharf, 286-298 Jefferson St, San Francisco, CA",1,"Midday Mean Travel Time"]":953.7307692308,"["Powell BART Station, Market St and Powell St, San Francisco, CA","Fisherman's Wharf, 286-298 Jefferson St, San Francisco, CA",2,"Early Morning Mean Travel Time"]":726.5,"["Powell BART Station, Market St and Powell St, San Francisco, CA","Fisherman's Wharf, 286-298 Jefferson St, San Francisco, CA",2,"Evening Mean Travel Time"]":901.1153846154,"["Powell BART Station, Market St and Powell St, San Francisco, CA","Fisherman's Wharf, 286-298 Jefferson St, San Francisco, CA",2,"Midday Mean Travel Time"]":998.4615384615,"["Powell BART Station, Market St and Powell St, San Francisco, CA","Fisherman's Wharf, 286-298 Jefferson St, San Francisco, CA",3,"Early Morning Mean Travel Time"]":648.0,"["Powell BART Station, Market St and Powell St, San Francisco, CA","Fisherman's Wharf, 286-298 Jefferson St, San Francisco, CA",3,"Evening Mean Travel Time"]":969.5769230769,"["Powell BART Station, Market St and Powell St, San Francisco, CA","Fisherman's Wharf, 286-298 Jefferson St, San Francisco, CA",3,"Midday Mean Travel Time"]":995.1538461538,"["Powell BART Station, Market St and Powell St, San Francisco, CA","Fisherman's Wharf, 286-298 Jefferson St, San Francisco, CA",4,"Early Morning Mean Travel Time"]":739.5,"["Powell BART Station, Market St and Powell St, San Francisco, CA","Fisherman's Wharf, 286-298 Jefferson St, San Francisco, CA",4,"Evening Mean Travel Time"]":989.9230769231,"["Powell BART Station, Market St and Powell St, San Francisco, CA","Fisherman's Wharf, 286-298 Jefferson St, San Francisco, CA",4,"Midday Mean Travel Time"]":1076.5769230769,"["Powell BART Station, Market St and Powell St, San Francisco, CA","Fisherman's Wharf, 286-298 Jefferson St, San Francisco, CA",5,"Early Morning Mean Travel Time"]":740.0,"["Powell BART Station, Market St and Powell St, San Francisco, CA","Fisherman's Wharf, 286-298 Jefferson St, San Francisco, CA",5,"Evening Mean Travel Time"]":1028.0769230769,"["Powell BART Station, Market St and Powell St, San Francisco, CA","Fisherman's Wharf, 286-298 Jefferson St, San Francisco, CA",5,"Midday Mean Travel Time"]":1034.2307692308,"["Powell BART Station, Market St and Powell St, San Francisco, CA","Fisherman's Wharf, 286-298 Jefferson St, San Francisco, CA",6,"Early Morning Mean Travel Time"]":796.8461538462,"["Powell BART Station, Market St and Powell St, San Francisco, CA","Fisherman's Wharf, 286-298 Jefferson St, San Francisco, CA",6,"Evening Mean Travel Time"]":914.0769230769,"["Powell BART Station, Market St and Powell St, San Francisco, CA","Fisherman's Wharf, 286-298 Jefferson St, San Francisco, CA",6,"Midday Mean Travel Time"]":983.3076923077,"["Powell BART Station, Market St and Powell St, San Francisco, CA","Oracle Park, 24 Willie Mays Plaza, San Francisco, CA",0,"Early Morning Mean Travel Time"]":498.088781461,"["Powell BART Station, Market St and Powell St, San Francisco, CA","Oracle Park, 24 Willie Mays Plaza, San Francisco, CA",0,"Evening Mean Travel Time"]":686.92,"["Powell BART Station, Market St and Powell St, San Francisco, CA","Oracle Park, 24 Willie Mays Plaza, San Francisco, CA",0,"Midday Mean Travel Time"]":763.84,"["Powell BART Station, Market St and Powell St, San Francisco, CA","Oracle Park, 24 Willie Mays Plaza, San Francisco, CA",1,"Early Morning Mean Travel Time"]":730.0,"["Powell BART Station, Market St and Powell St, San Francisco, CA","Oracle Park, 24 Willie Mays Plaza, San Francisco, CA",1,"Evening Mean Travel Time"]":642.0384615385,"["Powell BART Station, Market St and Powell St, San Francisco, CA","Oracle Park, 24 Willie Mays Plaza, San Francisco, CA",1,"Midday Mean Travel Time"]":776.9615384615,"["Powell BART Station, Market St and Powell St, San Francisco, CA","Oracle Park, 24 Willie Mays Plaza, San Francisco, CA",2,"Early Morning Mean Travel Time"]":520.7112108656,"["Powell BART Station, Market St and Powell St, San Francisco, CA","Oracle Park, 24 Willie Mays Plaza, San Francisco, CA",2,"Evening Mean Travel Time"]":754.6153846154,"["Powell BART Station, Market St and Powell St, San Francisco, CA","Oracle Park, 24 Willie Mays Plaza, San Francisco, CA",2,"Midday Mean Travel Time"]":895.5769230769,"["Powell BART Station, Market St and Powell St, San Francisco, CA","Oracle Park, 24 Willie Mays Plaza, San Francisco, CA",3,"Early Morning Mean Travel Time"]":543.6596248288,"["Powell BART Station, Market St and Powell St, San Francisco, CA","Oracle Park, 24 Willie Mays Plaza, San Francisco, CA",3,"Evening Mean Travel Time"]":738.4230769231,"["Powell BART Station, Market St and Powell St, San Francisco, CA","Oracle Park, 24 Willie Mays Plaza, San Francisco, CA",3,"Midday Mean Travel Time"]":765.4615384615,"["Powell BART Station, Market St and Powell St, San Francisco, CA","Oracle Park, 24 Willie Mays Plaza, San Francisco, CA",4,"Early Morning Mean Travel Time"]":549.1131121028,"["Powell BART Station, Market St and Powell St, San Francisco, CA","Oracle Park, 24 Willie Mays Plaza, San Francisco, CA",4,"Evening Mean Travel Time"]":762.8076923077,"["Powell BART Station, Market St and Powell St, San Francisco, CA","Oracle Park, 24 Willie Mays Plaza, San Francisco, CA",4,"Midday Mean Travel Time"]":865.3846153846,"["Powell BART Station, Market St and Powell St, San Francisco, CA","Oracle Park, 24 Willie Mays Plaza, San Francisco, CA",5,"Early Morning Mean Travel Time"]":511.0,"["Powell BART Station, Market St and Powell St, San Francisco, CA","Oracle Park, 24 Willie Mays Plaza, San Francisco, CA",5,"Evening Mean Travel Time"]":702.8461538462,"["Powell BART Station, Market St and Powell St, San Francisco, CA","Oracle Park, 24 Willie Mays Plaza, San Francisco, CA",5,"Midday Mean Travel Time"]":833.1923076923,"["Powell BART Station, Market St and Powell St, San Francisco, CA","Oracle Park, 24 Willie Mays Plaza, San Francisco, CA",6,"Early Morning Mean Travel Time"]":492.3709212825,"["Powell BART Station, Market St and Powell St, San Francisco, CA","Oracle Park, 24 Willie Mays Plaza, San Francisco, CA",6,"Evening Mean Travel Time"]":644.9615384615,"["Powell BART Station, Market St and Powell St, San Francisco, CA","Oracle Park, 24 Willie Mays Plaza, San Francisco, CA",6,"Midday Mean Travel Time"]":798.2692307692,"["Powell BART Station, Market St and Powell St, San Francisco, CA","The Palace Of Fine Arts, 3601 Lyon St, San Francisco, CA",0,"Early Morning Mean Travel Time"]":839.9757243708,"["Powell BART Station, Market St and Powell St, San Francisco, CA","The Palace Of Fine Arts, 3601 Lyon St, San Francisco, CA",0,"Evening Mean Travel Time"]":1204.3304604052,"["Powell BART Station, Market St and Powell St, San Francisco, CA","The Palace Of Fine Arts, 3601 Lyon St, San Francisco, CA",0,"Midday Mean Travel Time"]":1256.84,"["Powell BART Station, Market St and Powell St, San Francisco, CA","The Palace Of Fine Arts, 3601 Lyon St, San Francisco, CA",1,"Early Morning Mean Travel Time"]":1685.0,"["Powell BART Station, Market St and Powell St, San Francisco, CA","The Palace Of Fine Arts, 3601 Lyon St, San Francisco, CA",1,"Evening Mean Travel Time"]":1113.5,"["Powell BART Station, Market St and Powell St, San Francisco, CA","The Palace Of Fine Arts, 3601 Lyon St, San Francisco, CA",1,"Midday Mean Travel Time"]":1334.3076923077,"["Powell BART Station, Market St and Powell St, San Francisco, CA","The Palace Of Fine Arts, 3601 Lyon St, San Francisco, CA",2,"Early Morning Mean Travel Time"]":1030.3395842187,"["Powell BART Station, Market St and Powell St, San Francisco, CA","The Palace Of Fine Arts, 3601 Lyon St, San Francisco, CA",2,"Evening Mean Travel Time"]":1296.6427255985,"["Powell BART Station, Market St and Powell St, San Francisco, CA","The Palace Of Fine Arts, 3601 Lyon St, San Francisco, CA",2,"Midday Mean Travel Time"]":1422.7307692308,"["Powell BART Station, Market St and Powell St, San Francisco, CA","The Palace Of Fine Arts, 3601 Lyon St, San Francisco, CA",3,"Early Morning Mean Travel Time"]":1020.937284554,"["Powell BART Station, Market St and Powell St, San Francisco, CA","The Palace Of Fine Arts, 3601 Lyon St, San Francisco, CA",3,"Evening Mean Travel Time"]":1160.0,"["Powell BART Station, Market St and Powell St, San Francisco, CA","The Palace Of Fine Arts, 3601 Lyon St, San Francisco, CA",3,"Midday Mean Travel Time"]":1366.3846153846,"["Powell BART Station, Market St and Powell St, San Francisco, CA","The Palace Of Fine Arts, 3601 Lyon St, San Francisco, CA",4,"Early Morning Mean Travel Time"]":997.0435997781,"["Powell BART Station, Market St and Powell St, San Francisco, CA","The Palace Of Fine Arts, 3601 Lyon St, San Francisco, CA",4,"Evening Mean Travel Time"]":1296.5384615385,"["Powell BART Station, Market St and Powell St, San Francisco, CA","The Palace Of Fine Arts, 3601 Lyon St, San Francisco, CA",4,"Midday Mean Travel Time"]":1479.6538461538,"["Powell BART Station, Market St and Powell St, San Francisco, CA","The Palace Of Fine Arts, 3601 Lyon St, San Francisco, CA",5,"Early Morning Mean Travel Time"]":993.1803401096,"["Powell BART Station, Market St and Powell St, San Francisco, CA","The Palace Of Fine Arts, 3601 Lyon St, San Francisco, CA",5,"Evening Mean Travel Time"]":1647.5,"["Powell BART Station, Market St and Powell St, San Francisco, CA","The Palace Of Fine Arts, 3601 Lyon St, San Francisco, CA",5,"Midday Mean Travel Time"]":1421.8846153846,"["Powell BART Station, Market St and Powell St, San Francisco, CA","The Palace Of Fine Arts, 3601 Lyon St, San Francisco, CA",6,"Early Morning Mean Travel Time"]":894.9497450064,"["Powell BART Station, Market St and Powell St, San Francisco, CA","The Palace Of Fine Arts, 3601 Lyon St, San Francisco, CA",6,"Evening Mean Travel Time"]":1398.0,"["Powell BART Station, Market St and Powell St, San Francisco, CA","The Palace Of Fine Arts, 3601 Lyon St, San Francisco, CA",6,"Midday Mean Travel Time"]":1388.4615384615,"["The Palace Of Fine Arts, 3601 Lyon St, San Francisco, CA","2nd Street and Stevenson Street, San Francisco, CA",0,"Early Morning Mean Travel Time"]":764.3168692449,"["The Palace Of Fine Arts, 3601 Lyon St, San Francisco, CA","2nd Street and Stevenson Street, San Francisco, CA",0,"Evening Mean Travel Time"]":1167.88,"["The Palace Of Fine Arts, 3601 Lyon St, San Francisco, CA","2nd Street and Stevenson Street, San Francisco, CA",0,"Midday Mean Travel Time"]":1189.44,"["The Palace Of Fine Arts, 3601 Lyon St, San Francisco, CA","2nd Street and Stevenson Street, San Francisco, CA",1,"Early Morning Mean Travel Time"]":757.4807692308,"["The Palace Of Fine Arts, 3601 Lyon St, San Francisco, CA","2nd Street and Stevenson Street, San Francisco, CA",1,"Evening Mean Travel Time"]":1166.1923076923,"["The Palace Of Fine Arts, 3601 Lyon St, San Francisco, CA","2nd Street and Stevenson Street, San Francisco, CA",1,"Midday Mean Travel Time"]":1291.7692307692,"["The Palace Of Fine Arts, 3601 Lyon St, San Francisco, CA","2nd Street and Stevenson Street, San Francisco, CA",2,"Early Morning Mean Travel Time"]":754.3539482693,"["The Palace Of Fine Arts, 3601 Lyon St, San Francisco, CA","2nd Street and Stevenson Street, San Francisco, CA",2,"Evening Mean Travel Time"]":1203.3846153846,"["The Palace Of Fine Arts, 3601 Lyon St, San Francisco, CA","2nd Street and Stevenson Street, San Francisco, CA",2,"Midday Mean Travel Time"]":1254.3846153846,"["The Palace Of Fine Arts, 3601 Lyon St, San Francisco, CA","2nd Street and Stevenson Street, San Francisco, CA",3,"Early Morning Mean Travel Time"]":770.9861937479,"["The Palace Of Fine Arts, 3601 Lyon St, San Francisco, CA","2nd Street and Stevenson Street, San Francisco, CA",3,"Evening Mean Travel Time"]":1178.9615384615,"["The Palace Of Fine Arts, 3601 Lyon St, San Francisco, CA","2nd Street and Stevenson Street, San Francisco, CA",3,"Midday Mean Travel Time"]":1318.8076923077,"["The Palace Of Fine Arts, 3601 Lyon St, San Francisco, CA","2nd Street and Stevenson Street, San Francisco, CA",4,"Early Morning Mean Travel Time"]":795.5550567833,"["The Palace Of Fine Arts, 3601 Lyon St, San Francisco, CA","2nd Street and Stevenson Street, San Francisco, CA",4,"Evening Mean Travel Time"]":1225.3846153846,"["The Palace Of Fine Arts, 3601 Lyon St, San Francisco, CA","2nd Street and Stevenson Street, San Francisco, CA",4,"Midday Mean Travel Time"]":1345.3461538462,"["The Palace Of Fine Arts, 3601 Lyon St, San Francisco, CA","2nd Street and Stevenson Street, San Francisco, CA",5,"Early Morning Mean Travel Time"]":733.5475043679,"["The Palace Of Fine Arts, 3601 Lyon St, San Francisco, CA","2nd Street and Stevenson Street, San Francisco, CA",5,"Evening Mean Travel Time"]":1299.3076923077,"["The Palace Of Fine Arts, 3601 Lyon St, San Francisco, CA","2nd Street and Stevenson Street, San Francisco, CA",5,"Midday Mean Travel Time"]":1366.5384615385,"["The Palace Of Fine Arts, 3601 Lyon St, San Francisco, CA","2nd Street and Stevenson Street, San Francisco, CA",6,"Early Morning Mean Travel Time"]":729.7074066204,"["The Palace Of Fine Arts, 3601 Lyon St, San Francisco, CA","2nd Street and Stevenson Street, San Francisco, CA",6,"Evening Mean Travel Time"]":1054.0395240119,"["The Palace Of Fine Arts, 3601 Lyon St, San Francisco, CA","2nd Street and Stevenson Street, San Francisco, CA",6,"Midday Mean Travel Time"]":1287.1923076923,"["The Palace Of Fine Arts, 3601 Lyon St, San Francisco, CA","Embarcadero, San Francisco, CA",0,"Early Morning Mean Travel Time"]":693.9881798649,"["The Palace Of Fine Arts, 3601 Lyon St, San Francisco, CA","Embarcadero, San Francisco, CA",0,"Evening Mean Travel Time"]":977.08,"["The Palace Of Fine Arts, 3601 Lyon St, San Francisco, CA","Embarcadero, San Francisco, CA",0,"Midday Mean Travel Time"]":1164.96,"["The Palace Of Fine Arts, 3601 Lyon St, San Francisco, CA","Embarcadero, San Francisco, CA",1,"Early Morning Mean Travel Time"]":704.1617969967,"["The Palace Of Fine Arts, 3601 Lyon St, San Francisco, CA","Embarcadero, San Francisco, CA",1,"Evening Mean Travel Time"]":1024.9615384615,"["The Palace Of Fine Arts, 3601 Lyon St, San Francisco, CA","Embarcadero, San Francisco, CA",1,"Midday Mean Travel Time"]":1173.4615384615,"["The Palace Of Fine Arts, 3601 Lyon St, San Francisco, CA","Embarcadero, San Francisco, CA",2,"Early Morning Mean Travel Time"]":710.0308441942,"["The Palace Of Fine Arts, 3601 Lyon St, San Francisco, CA","Embarcadero, San Francisco, CA",2,"Evening Mean Travel Time"]":1039.5,"["The Palace Of Fine Arts, 3601 Lyon St, San Francisco, CA","Embarcadero, San Francisco, CA",2,"Midday Mean Travel Time"]":1233.3846153846,"["The Palace Of Fine Arts, 3601 Lyon St, San Francisco, CA","Embarcadero, San Francisco, CA",3,"Early Morning Mean Travel Time"]":695.8477593616,"["The Palace Of Fine Arts, 3601 Lyon St, San Francisco, CA","Embarcadero, San Francisco, CA",3,"Evening Mean Travel Time"]":1037.7307692308,"["The Palace Of Fine Arts, 3601 Lyon St, San Francisco, CA","Embarcadero, San Francisco, CA",3,"Midday Mean Travel Time"]":1218.6153846154,"["The Palace Of Fine Arts, 3601 Lyon St, San Francisco, CA","Embarcadero, San Francisco, CA",4,"Early Morning Mean Travel Time"]":704.1312390801,"["The Palace Of Fine Arts, 3601 Lyon St, San Francisco, CA","Embarcadero, San Francisco, CA",4,"Evening Mean Travel Time"]":1035.6153846154,"["The Palace Of Fine Arts, 3601 Lyon St, San Francisco, CA","Embarcadero, San Francisco, CA",4,"Midday Mean Travel Time"]":1279.1153846154,"["The Palace Of Fine Arts, 3601 Lyon St, San Francisco, CA","Embarcadero, San Francisco, CA",5,"Early Morning Mean Travel Time"]":693.8734121925,"["The Palace Of Fine Arts, 3601 Lyon St, San Francisco, CA","Embarcadero, San Francisco, CA",5,"Evening Mean Travel Time"]":1191.5769230769,"["The Palace Of Fine Arts, 3601 Lyon St, San Francisco, CA","Embarcadero, San Francisco, CA",5,"Midday Mean Travel Time"]":1212.4615384615,"["The Palace Of Fine Arts, 3601 Lyon St, San Francisco, CA","Embarcadero, San Francisco, CA",6,"Early Morning Mean Travel Time"]":698.891952354,"["The Palace Of Fine Arts, 3601 Lyon St, San Francisco, CA","Embarcadero, San Francisco, CA",6,"Evening Mean Travel Time"]":987.7623601077,"["The Palace Of Fine Arts, 3601 Lyon St, San Francisco, CA","Embarcadero, San Francisco, CA",6,"Midday Mean Travel Time"]":1180.6923076923,"["The Palace Of Fine Arts, 3601 Lyon St, San Francisco, CA","Powell BART Station, Market St and Powell St, San Francisco, CA",0,"Early Morning Mean Travel Time"]":902.8945887047,"["The Palace Of Fine Arts, 3601 Lyon St, San Francisco, CA","Powell BART Station, Market St and Powell St, San Francisco, CA",0,"Evening Mean Travel Time"]":1208.0,"["The Palace Of Fine Arts, 3601 Lyon St, San Francisco, CA","Powell BART Station, Market St and Powell St, San Francisco, CA",0,"Midday Mean Travel Time"]":1302.44,"["The Palace Of Fine Arts, 3601 Lyon St, San Francisco, CA","Powell BART Station, Market St and Powell St, San Francisco, CA",1,"Early Morning Mean Travel Time"]":781.9536053265,"["The Palace Of Fine Arts, 3601 Lyon St, San Francisco, CA","Powell BART Station, Market St and Powell St, San Francisco, CA",1,"Evening Mean Travel Time"]":1118.0,"["The Palace Of Fine Arts, 3601 Lyon St, San Francisco, CA","Powell BART Station, Market St and Powell St, San Francisco, CA",1,"Midday Mean Travel Time"]":1232.5,"["The Palace Of Fine Arts, 3601 Lyon St, San Francisco, CA","Powell BART Station, Market St and Powell St, San Francisco, CA",2,"Early Morning Mean Travel Time"]":800.8128157907,"["The Palace Of Fine Arts, 3601 Lyon St, San Francisco, CA","Powell BART Station, Market St and Powell St, San Francisco, CA",2,"Evening Mean Travel Time"]":1235.0,"["The Palace Of Fine Arts, 3601 Lyon St, San Francisco, CA","Powell BART Station, Market St and Powell St, San Francisco, CA",2,"Midday Mean Travel Time"]":1370.5769230769,"["The Palace Of Fine Arts, 3601 Lyon St, San Francisco, CA","Powell BART Station, Market St and Powell St, San Francisco, CA",3,"Early Morning Mean Travel Time"]":836.1307727723,"["The Palace Of Fine Arts, 3601 Lyon St, San Francisco, CA","Powell BART Station, Market St and Powell St, San Francisco, CA",3,"Evening Mean Travel Time"]":1337.0,"["The Palace Of Fine Arts, 3601 Lyon St, San Francisco, CA","Powell BART Station, Market St and Powell St, San Francisco, CA",3,"Midday Mean Travel Time"]":1049.7692307692,"["The Palace Of Fine Arts, 3601 Lyon St, San Francisco, CA","Powell BART Station, Market St and Powell St, San Francisco, CA",4,"Early Morning Mean Travel Time"]":815.6998601077,"["The Palace Of Fine Arts, 3601 Lyon St, San Francisco, CA","Powell BART Station, Market St and Powell St, San Francisco, CA",4,"Evening Mean Travel Time"]":1152.6198824196,"["The Palace Of Fine Arts, 3601 Lyon St, San Francisco, CA","Powell BART Station, Market St and Powell St, San Francisco, CA",4,"Midday Mean Travel Time"]":1213.2692307692,"["The Palace Of Fine Arts, 3601 Lyon St, San Francisco, CA","Powell BART Station, Market St and Powell St, San Francisco, CA",5,"Early Morning Mean Travel Time"]":762.16353237,"["The Palace Of Fine Arts, 3601 Lyon St, San Francisco, CA","Powell BART Station, Market St and Powell St, San Francisco, CA",5,"Evening Mean Travel Time"]":1153.4647258819,"["The Palace Of Fine Arts, 3601 Lyon St, San Francisco, CA","Powell BART Station, Market St and Powell St, San Francisco, CA",5,"Midday Mean Travel Time"]":1414.7307692308,"["The Palace Of Fine Arts, 3601 Lyon St, San Francisco, CA","Powell BART Station, Market St and Powell St, San Francisco, CA",6,"Early Morning Mean Travel Time"]":767.4130306465,"["The Palace Of Fine Arts, 3601 Lyon St, San Francisco, CA","Powell BART Station, Market St and Powell St, San Francisco, CA",6,"Evening Mean Travel Time"]":1036.7071823204,"["The Palace Of Fine Arts, 3601 Lyon St, San Francisco, CA","Powell BART Station, Market St and Powell St, San Francisco, CA",6,"Midday Mean Travel Time"]":1214.5769230769}